{"schemaVersion":"1.0","appDefinitionTemplate":{"id":"/providers/Microsoft.PowerApps/apps/","type":"Microsoft.PowerApps/apps","tags":{"primaryDeviceWidth":"1366","primaryDeviceHeight":"768","sienaVersion":"20210206T123740Z-3.21014.33.0","deviceCapabilities":"","supportsPortrait":"false","supportsLandscape":"true","primaryFormFactor":"Tablet","publisherVersion":"3.21014.33","minimumRequiredApiVersion":"2.2.0","hasComponent":"true","hasUnlockedComponent":"true","isUnifiedRootApp":"false"},"properties":{"appVersion":"2021-02-06T12:37:40Z","lifeCycleId":"Published","createdByClientVersion":{"major":3,"minor":21014,"build":33,"revision":0,"majorRevision":0,"minorRevision":0},"minClientVersion":{"major":3,"minor":21014,"build":33,"revision":0,"majorRevision":0,"minorRevision":0},"backgroundColor":"rgba(0, 176, 240, 1)","backgroundImageUri":"/2922755386266018547/N491d5128-d452-4302-a71e-b17487ed9f1e-logoSmallFile","displayName":"Treasure Hunt","description":"","commitMessage":"","appUris":{"documentUri":{"value":"/2922755386266018547/N4100e9cb-8656-40ad-9e24-5298cc1e9708-document.msapp"},"imageUris":[]},"createdTime":"0001-01-01T00:00:00Z","lastModifiedTime":"0001-01-01T00:00:00Z","sharedGroupsCount":0,"sharedUsersCount":0,"icons":{"smallIconUri":"/2922755386266018547/Ncdba654c-0dd6-4ce8-ba0a-e6827b17d8b6-small.png","mediumIconUri":"/2922755386266018547/N3dfcde30-81b9-459b-917f-306547ccd030-medium.png","largeIconUri":"/2922755386266018547/Nf18daf8b-bdde-4839-b060-4035f6980161-large.png","wideIconUri":"/2922755386266018547/N9c7272bd-380e-40d4-b93f-432c4448b28e-wide.png"},"connectionReferences":{"9a3955bc-e0be-4f08-9bb6-0dcd5ee56355":{"id":"e0a01386-c72e-4033-81ff-3551e034f980","displayName":"SharePoint","iconUri":"https://connectoricons-prod.azureedge.net/releases/v1.0.1431/1.0.1431.2301/sharepointonline/icon.png","dataSources":["TH_Configuration","TH_Teams","TH_Questions","TH_I18N"],"dependencies":[],"dependents":[],"parameterHints":{},"isOnPremiseConnection":false,"bypassConsent":false,"dataSets":{"https://netmedianer.sharepoint.com/sites/EXTERNMicrosoftTreasure":{"dataSources":{"TH_Configuration":{"tableName":"58860c55-d0c2-4a0a-8384-2507e9d46ca0"},"TH_Teams":{"tableName":"22eaa31d-cd4c-4809-a934-52c709dac826"},"TH_Questions":{"tableName":"b937424c-a572-4065-a731-9e623dd2ef7a"},"TH_I18N":{"tableName":"355d8e30-71f3-4ff0-a4a3-4cbb54f60fdd"}}}},"apiTier":"Standard","isCustomApiConnection":false},"751bce33-9bd8-40f0-9336-a5ae9889ce7e":{"id":"a50e88bc-4039-4658-a218-5aa370bacea1","displayName":"Microsoft Teams","iconUri":"https://connectoricons-prod.azureedge.net/releases/v1.0.1436/1.0.1436.2319/teams/icon.png","dataSources":["MicrosoftTeams"],"dependencies":[],"dependents":[],"parameterHints":{},"isOnPremiseConnection":false,"bypassConsent":false,"dataSets":{},"apiTier":"Standard","isCustomApiConnection":false,"actions":["PostMessageToChannelV3","GetChannelsForGroup"]}},"databaseReferences":{},"almMode":"Environment","performanceOptimizationEnabled":true,"canConsumeAppPass":true,"executionRestrictions":{"isTeamsOnly":false,"dataLossPreventionEvaluationResult":{"status":"Compliant","lastEvaluationDate":"2020-12-20T22:53:30.4942541Z","violationDetails":[]}}},"isAppComponentLibrary":false,"appType":"ClassicCanvasApp","appComponents":[]}}